SKU,PRODUCT_NAME,BRAND_NAME,SUBCATEGORY,CLASS,SPECIES,ECOMM_SHORT_DESCRIPTION,ECOMM_LONG_DESCRIPTION,PRODUCT_SIZE,CBD_RANGE,THC_RANGE,LLM_MENU_DESCRIPTION
1019082,SALTED CARAMEL CHOCOLATE SQUARE 1:1,Foray,Edibles,Chocolate,BLEND,Salted caramel chocolate with 10mg THC and 10mg of CBD. ,Square of salted caramel chocolate with 10mg THC and 10mg of CBD. Using chocolate supplied by Barry-Callebaut (one of world’s largest chocolate suppliers) and a blend of CO2 extracted cannabis distillate. ,10g,10mg,10mg,Indulgent salted caramel chocolate square with equal parts THC and CBD for a balanced and flavorful experience. Enjoy 10mg of each cannabinoid.
1028133,TROPIC THUNDER J'S PRE-ROLLS,Shred,Pre-roll,Blend,HYBRID,14-pack of hybrid pre-rolls with citrus and tropical aromas.,These hybrid pre-rolls come in a pack of 14 and include a combination of cultivars with citrus and tropical aromas.,7g,0–0.7%,18–24.4%,"Get ready for a tropical citrus blast with Tropic Thunder J's. Enjoy the hybrid blend in convenient pre-rolls, perfect for a flavorful high."
1030063,DOSECANN OMEGA CBD 25 SOFTGELS,Dosecann,Ingestible Extracts,Capsule and Pills,HYBRID,Softgel capsules with CBD isolate and sustainably-sourced Hemp oil (Cannabis sativa seed oil).,"Dosecann’s Omega CBD 25 Soft Gels, made from a potent blend of CBD isolate and pure, sustainably-sourced Hemp seed oil (Cannabis sativa seed oil). Their soft gels capsules are meticulously crafted to provide you with consistent, high-quality dosing every time you use them. At Dosecann, they're passionate about using only the finest natural ingredients to offer you the ultimate CBD experience. Trust Dosecann to deliver unparalleled quality and consistency with every soft gel.",30each,750mg,30mg,CBD softgel capsules with sustainably-sourced hemp oil for a calming and natural remedy. Easy to use and effective for relaxation and wellness.
1036201,ULTRA SOUR,Big Bag O' Buds,Flower,Sativa,SATIVA,"High-THC, sativa-dominant flower with a sweet and fruity aroma. ","Ultra Sour by Big Bag O'Buds is a high-THC, sativa-dominant flower with orange pistils from deep green, crystal rich buds. With terpenes, terpinolene, limonene and caryophyllene, Ultra Sour has tart undertones and diesel, pungent notes with a sweet, fruit aroma. ",28g,0–0.1%,23–29%,"Ultra Sour is a high-THC, sativa-dominant flower known for its sweet and fruity aroma."
1039247,BERRY GOOD DAY CBD GUMMIES,Monjour,Edibles,Chews,HYBRID,"Berry-flavoured, vegan gummies with 20mg of CBD each. ","These Monjour’s gummies contains 20mg CBD per piece. They are made from natural colours and are available in different sizes. Each pack features a mix of Blueberry, Strawberry, and Wild Berry flavours. Made with CBD Isolate and natural flavours.",135g,600mg,0–1.5mg,Vegan berry-flavoured CBD gummies with 20mg each. Perfect for a relaxing day with a sweet treat.
1046903,HGH PRE-ROLLS,Castle Rock Farms,Pre-roll,Indica,INDICA,"10-pack of high-THC, indica-dominant pre-rolls.","HGH was bred by combining GMO with Bruce Banner. These legendary cultivars are behind this beautiful indica-dominant flower. These buds grow large, dense, and covered in trichomes. Terpenes include caryophyllene, myrcene, and farnesene.",3.5g,0–0.8%,28–34%,10-pack of potent indica pre-rolls with high THC content. Perfect for relaxation and unwinding after a long day. Enjoy the smooth smoke.
1050095,ICE WATER HASH,Nugz,Inhalable Extracts,Hash,BLEND,1g of premium bubble hash expertly extracted by ice water.,"Nugz Ice Water Hash is a premium bubble hash derived from their rare genetic library, delivering true-to-strain terpene and flavour profiles. Produced using solventless extraction, Ice Water Hash is agitated and sieved in ice water to extract mature trichome heads and resin from whole buds. Nugz Ice Water Hash is offered in a rotation of single-strain genetics including Early Lemon Berry, Gelato Mint, Cuban Linx, Terple, Power Sherb, and Slapz.",1g,0–2%,60–66%,"1g of premium ice water hash, expertly extracted for a smooth and potent experience. Pure flavor and strong effects in every hit."
1050186,AMHERST SOUR DIESEL PRE-ROLLS,Common Ground,Pre-roll,Sativa,SATIVA,"Ten-pack of sativa-dominant, half-gram pre-rolls with ripe fruit, incense, and exotic wood flavours.","Amherst Sour Diesel is a Chemdog and Amherst Super Skunk, sativa-forward cross that features elongated, bright green, compact buds. In addition to a gassy aroma, it also delivers a complex flavour profile with a powerful punch of ripe fruit, incense, and exotic wood. Includes terpenes of Caryophyllene, Farnesene, and Myrcene. These pre-rolls are made from all bud - not shake - and rolled with a lightweight, organic hemp paper and mouthpiece for a smooth, even burn. Hang-dried, hand-trimmed, packaged inside FSC-certified cardboard boxes, and fresh-sealed inside a 100% recyclable, child-resistant pouch for optimal moisture content and shelf-life.",5g,0–5%,18–24%,"Ten-pack of Amherst Sour Diesel pre-rolls, sativa-dominant with fruity, incense, and exotic wood flavors. Perfect for a uplifting and energizing experience."
1051382,GLUERANGUTAN LIVE ROSIN ,GOOD BUDS,Inhalable Extracts,Resin and Rosin,HYBRID,1g of hybrid live rosin with notes of sweet and sour orange-lemon zest.,"Gluerangutan is a back-cross of the popular legacy strain Harambe (OG Kush x GG4 x Hash Plant). It flourishes on the ocean-kissed, FVOPA Certified Organic Salt Spring Island farm. Gluerangutan is a hybrid strain bursting with sweet and sour orange-lemon zest aromas, with gassy undertones and a fresh mountain pine finish. The top cut from a 100,000+ pheno hunt, Gluerangutan Live Rosin is squished in small batches from organically grown, fresh frozen hash, exclusively on Salt Spring Island, BC.",1g,0–5%,70–75%,1g of hybrid live rosin with a tasty blend of sweet and sour orange-lemon zest flavors. Unique and flavorful high.
1058395,HEAVY HITTER LEBANESE HASH INFUSED PRE-ROLL,1964,Inhalable Extracts,Infused Pre-roll,INDICA,Heavy-hitting flower infused with Lebanese Hash rolled into a 1g pre-roll.,The Heavy Hitter Flower and Lebanese Hash Infused Pre-roll combines the high-potency Lebanese Hash with some of our most popular organic flowers resulting in a smooth smoke.,1g,0–2%,32–38%,1g pre-roll with heavy-hitting Lebanese Hash-infused flower for a potent and flavorful experience.
1058882,PHOENIX TEARS ,Stigma Grow,Inhalable Extracts,Other Inhalable Extracts,INDICA,Full-spectrum extract with subtle flavours and aromas of herbs and spices.,"Pheonix Tears is a full-spectrum extract offering ultra-concentrated, fully decarboxylated honey-like resin. Also referred to as RSO, this compound features a wide range of cannabinoids and showcases the rare strain of Tranquil Elephantizer. Featuring subtle flavours and aromas of herbs and spice with top terpenes including Geraniol, Menthol, and Pinene.",1g,15–20%,55–61%,"Phoenix Tears is a full-spectrum extract with a blend of herbs and spices, offering a unique and flavorful experience."
1060995,RL FRT STRAWBERRY CBD GUMMIES,WYLD,Edibles,Chews,HYBRID,10 strawberry-flavoured gummies with 20mg CBD and 1mg THC per gummy.,"Wyld Strawberry Hybrid Enhanced CBD:THC gummies are a 20:1, CBD-dominant 10-pack made sustainably with real fruit, botanical terpenes, natural flavours, and compostable packaging. 20mg CBD and 1mg THC per gummy, with ten gummies per pack for a total of 200mg CBD and 10mg THC.",40g,200mg,10mg,"Tasty RL FRT STRAWBERRY CBD GUMMIES deliver 20mg CBD, 1mg THC per gummy for a relaxing experience with a sweet strawberry taste."
1062735,CUBAN LINX LIVE RESIN VAPE CARTRIDGE,Tribal,Inhalable Extracts,Cartridge,SATIVA,"Sativa-dominant, live resin vape with traditional Haze flavour.","Cuban Linx Live Resin 1g Vape cart has one ingredient, fresh-frozen Cuban Linx flower (TK Skunk x Trigerian). Powerful and loaded with a traditional Haze flavour identical to the flower, now offered as a live resin full-spectrum extract. This vape cart delivers an elevated cannabinoid and terpene experience with dominant terpenes including Terpinolene, Ocimene, and Caryophyllene. Their cryogenic extraction process preserves the profile of the flower and offers the highest levels of purity by preferentially extracting the cannabinoids, terpenes, and flavonoids.",1g,0–2%,74–80%,Energizing sativa live resin vape cartridge with classic Haze flavor. Ideal for a uplifting and creative high.
1062738,TRIPLE BURGER,Tribal,Flower,Indica,INDICA,"Indica-dominant strain offering strong gas flavour with hints of skunk, rubber, cheese, and sweetness.","The GMO is strong with this one. Triple Burger is bred by back-crossing (GMO x GMO) to stabilize the strain, then crossing that linage with Han-Solo Burger (Larry OG X GMO Cookies). Its calyxy, gasoline scented flowers are something any connoisseur will lust after. Its intense fuel aroma gives way to an equally strong gas flavour in its smoke. Hints of skunk, rubber, cheese, and sweetness are also present. Dominant terpenes include Caryophyllene, Farnesene, and Linalool. One of the most potent strains in Tribal's line-up.",3.5g,0–2%,26–32%,"Triple Burger is a potent indica-dominant strain with a unique taste profile of gas, skunk, rubber, cheese, and sweetness."
1062751,MOLLO ORCHARD CHILL'R (10MG THC | 10 MG CBG),Mollo 10,Beverages,Carbonated Drink,BLEND,Crisp apple cider with 10mg THC and 10mg CBG.  ,Crisp and refreshing apple cider with 10mg THC and 10mg CBG.  Best served in a chilled glass over ice.,355,0.9mg,10mg,Mollo Orchard Chill'r: Refreshing apple cider with a kick of 10mg THC and 10mg CBG for a relaxing and flavorful experience.
1062809,THC 10 SOFTGELS,Glacial Gold,Ingestible Extracts,Capsule and Pills,BLEND,100-pack of MCT-based softgels with 10mg of THC per softgel.,"Glacial Gold THC 10 Softgels feature certified-organic MCT oil derived from coconuts, infused with high-purity THC distillate from Nextleaf Labs. Available in a large format 100-pack providing the maximum allowed 1000mg total THC per package. ",34.5g,0–50mg,900–1000mg,Convenient 100-pack of MCT-based softgels with 10mg of THC each for easy dosing and consistent effects.
1063214,PEACH MANGO CBD,Pearls by gron,Edibles,Chews,BLEND,25 soft chews with peach-mango flavour and 30mg CBD per piece.,"For those who want a high CBD (30mg/piece) in a convenient soft chew AND with the delicious flavour and texture that comes with a Pearl soft chew, this is the product to get. Each pack has 25 pieces and 750mg of CBD.",87.5g,750mg,0–1mg,Tasty peach-mango CBD chews with 30mg per piece. Enjoy the fruity flavor while experiencing the calming effects of CBD.
1063451,PINK GOO PRE-ROLLS,Pistol and Paris,Pre-roll,Indica,INDICA,10-pack of indica-dominant pre-rolls offering sweet and rich flavours of floral and earth.,"This cultivar's name comes from its ultra sticky appearance. It consists of resinous droplets of dew on the sugary leaves of the often pink and purple, fluorescent flower centers that leach over to the contrasting darker green buds. With the incredible tree-like trait to ooze sap from seemingly out of nowhere, with a sweet and pleasantly rich flavours of floral and earth that creates a smooth smoke, hitting the lungs with ease.",5g,0–1%,24–29%,"10-pack of Pink Goo pre-rolls, indica-dominant with sweet floral and earthy flavors. Enjoy a relaxing and flavorful smoking experience."
1063541,CBD 50 SOFTGELS,Glacial Gold,Ingestible Extracts,Capsule and Pills,BLEND,50-pack of CBD softgels made with MCT oil and contain 50mg CBD in each.,Introducing Glacial Gold CBD 50 Softgels 50-pack containing 2500 mg CBD. Glacial Gold CBD 50 Softgels are made with organic MCT oil from coconuts and high-purity distillates from Nextleaf Labs. ,17.25g,2250–2750mg,0–50mg,"Convenient CBD softgels with 50mg of CBD each, made with MCT oil for easy absorption. Perfect for daily use and relaxation."
1063696,BLUEBERRY BLASTER HEAVIES INFUSED PRE-ROLLS,Shred X,Inhalable Extracts,Infused Pre-roll,BLEND,Three-pack of distillate and diamond infused pre-rolls with smooth blueberry flavour.,"Get ready for your tastebuds to blast-off, blueberry style, with these new SHRED X Heavies. These Blueberry Blaster infused pre-rolls deliver an aromatic and smooth blueberry and kush experience thanks to the perfect botanical terp infusion, and with the added combo of diamonds and distillate. Boasting an ultra-heavy 40%+ THC.",1.5g,0–0.1%,40–46%,Smooth blueberry-flavored pre-rolls infused with distillate and diamonds. Three-pack for a heavy hit.
1064196,CHERRY BOMB,Jonny Chronic,Flower,Sativa,SATIVA,"High-THC, outdoor-grown, sativa-dominant strain bred from crossing Mama’s Chili Bomb and Headspace.","Cherry Bomb from Jonny Chronic is a potent sun-grown, sativa-dominant strain that produces dense, light green buds with golden-orange pistil and a thick frosting of trichomes. Created from crossing complex parents, Mama’s Chili Bomb and Headspace share legendary genetics from OG Kush, Tangerine Dream, and a Hawaiian Landrace. Cultivated in Southwestern Ontario under the sun, all of their plants are hang dried and cured before the team goes through and carefully selects top colas to then be hand trimmed and hand packed in-house. Dominant terpenes include Myrcene, Limonene, and Linalool.",14g,0–2%,26–30%,"CHERRY BOMB: A fruity and potent sativa strain with high THC levels, perfect for an energizing and uplifting experience. Outdoor-grown for quality."
1064819,THC TABLETS,Indiva Blips,Ingestible Extracts,Capsule and Pills,BLEND,55-pack of THC tablets containing 10mg THC per piece.,"These THC tablets are small, highly portable, and made with high-quality distillate and MCT oil. 55 pieces per container and 10mg THC per piece.",19.8g,0–2.2mg,550mg,Convenient 55-pack of THC tablets with 10mg THC each for easy dosing. Great for discreet and precise consumption on-the-go.
1064888,SENORITA MANGO,Second Nature,Beverages,Carbonated Drink,BLEND,"Mango-flavoured beverage with lime juice, blue agave, and fast-acting 10mg THC.","Lush, perfectly ripe mango dominates the flavour profile but is underpinned with lime juice to make sure it’s bright and well balanced. There is a gentle blue-agave flavour throughout and a touch of Himalayan salt for complexity and drinkability. There is 10mg of Vertosa’s 03 emulsion which has a fast onset and minimal cannabis flavour.",355,0mg,10mg,Taste the tropical vibes with Senorita Mango - a refreshing beverage infused with 10mg THC for a quick and enjoyable high.
1064935,DEATH BUBBA PRE-ROLLS,Pistol and Paris,Pre-roll,Indica,INDICA,"Three-pack of high-THC, indica-dominant pre-rolls with a pine aroma and a spiced, earthy, gas flavour.","A British Columbia classic, Death Bubba is known as a heavy indica. The spade-shaped buds are dense and large, finished with a thick layer of frost - expect sticky fingers from this flower. Upon opening, a clean pine aroma greets the nose with a pungent flavour of spiced, earthy gas. Top terpenes include Farnesene, Caryophyllene, and Limonene",1.5g,0–1%,25–30%,Three-pack of potent Death Bubba pre-rolls with pine aroma and spiced gas flavor. Indica-dominant for relaxing effects. High-THC content.
1064936,ROCKSTAR PRE-ROLLS,Pistol and Paris,Pre-roll,Indica,INDICA,"Three-pack of high-THC, indica-dominant pre-rolls offering a sweet, pungent scent with a similar flavour.","Popular with BC growers, Rockstar is a cross of Sensi Star x Rockbud. It’s often chosen for being a heavy indica with resinous buds and a strong skunk lineage. The sweetly pungent scent will grab your attention delivering a similar flavour with a gassy, oily essence. Top terpenes include Caryophyllene, Beta-Myrcene, and Limonene. The bouncy olive green nugs are medium in size with a generous covering of orange hairs.",1.5g,0–1%,25–30%,"Three-pack of ROCKSTAR PRE-ROLLS: sweet, pungent indica with high THC. Enjoy the unique flavour and effects in convenient pre-rolled joints."
1065006,LIVE ROSIN SOFTGELS 10MG ,Simply Bare,Ingestible Extracts,Capsule and Pills,HYBRID,"30 full-spectrum, live rosin softgels with 10mg THC in each.","Get full spectrum these Live Rosin Softgels. These organic 10mg THC softgels come in a pack of 30, and will contain input from one of their many organic-certified cultivars. Each softgel starts with flower, hand trimmed, and grown in living soil, then expertly pressed into live rosin and packed into softgels with hemp seed oil.",10.5g,0mg,300mg,"30 softgels with 10mg THC each, made from full-spectrum live rosin. Convenient and potent for easy dosing and a full-spectrum experience."
1065259,LA KC X ANIMAL STYLE LIVE ROSIN VAPE CARTRIDGE,Brindle Farms,Inhalable Extracts,Cartridge,INDICA,"Indica-dominant, live rosin cart offering a unique garlic, savory flavour with a spicy, pungent aftertaste.","High-quality live rosin in a vape cartridge, and nothing else. 100% solventless hash oil without adulterants or additives. This curated blend has resulted in a well-rounded, hard-hitting, indica-dominant profile, paying homage to its Animal Style x LA KC lineage. Notes of earthy, gas, sour, vanilla, and coffee bean, with a unique garlic, savory flavour and spicy, pungent aftertaste. ",0.5g,0–1%,75–80%,"LA KC X Animal Style live rosin vape cartridge: Indica-dominant with garlic and savory flavor, followed by a spicy, pungent aftertaste. Unique and potent."
1065324,RAINBOW DRIVER VAPE CARTRIDGE,Woody Nelson,Inhalable Extracts,Cartridge,HYBRID,"Hybrid, cured resin vape with notes of sweet gas.",Woody Nelson's Rainbow Driver Vape is a 1g cartridge of cured resin extract fitted for a 510-thread battery. The flower was grown in organic living soil at an indoor vertical farm and processed by Wildcard Extracts with a hydrocarbon system. Made in BC,1g,0–2%,84–90%,Hybrid Rainbow Driver vape cartridge with sweet gas flavor. Enjoy the unique taste while experiencing a balanced effect.
1065374,ROTATING INDICA PRE-ROLLS,Happy Hour,Pre-roll,Indica,INDICA,"Two-pack of pre-rolls with a rotating, indica-dominant cultivar.","For those who love variety, Happy Hour offers an expertly curated selection of whole-flower indica, straight-cut style pre-rolls. Experience the unique characteristics of rotating indica-dominant cultivars with these convenient and consistently potent pre-rolls. Always above 20% THC, perfect for those looking for high-quality pre-rolls with the freshest harvest dates.",2g,0–1%,20–25%,"Two-pack of pre-rolls with rotating indica strains for a chill, relaxing experience. Enjoy different flavors and effects with each roll."
1065486,BABY JEETER MIXER PACK INFUSED PRE-ROLLS,Jeeter,Inhalable Extracts,Infused Pre-roll,HYBRID,Variety pack of five pre-rolls infused with liquid-diamond-enhanced distillate and coated in kief.,"Get ready, Canada! Jeeter is making its grand debut in the Great White North. Every meticulously crafted pre-roll is infused with liquid diamond enhanced distillate, botanical terpenes, crowned with a layer of kief, and charged with a burst of unparalleled flavour. Jeeter has landed. Experience their first drop of Baby Jeeter flavours in a single multipack. Exclusive to Canada, this assortment brings together Blue ZKZ, Fire OG, Strawberry Sour Diesel, Bubba G, and Mango Sherbs for an unparalleled tasting experience.",2.5g,0–2%,36–40%,Baby Jeeter Mixer Pack pre-rolls offer a variety of flavors with liquid-diamond-enhanced distillate and kief coating for a potent and flavorful smoking experience.
1065808,COMATOSE FSE RESIN VAPE CARTRIDGE,1964,Inhalable Extracts,Cartridge,INDICA,"Indica-dominant, cured resin vape with earthy, kushy flavours.","1964 legendary Comatose cultivar is now available in FSE resin-vape format. This heavy-hitting cultivar has been a fan favourite across Canada since launching. The earthy, kushy flavours are immediately noticeable, from the first draw to the last. All 1964 vape carts are made from cured flower for a flavour-forward vaporization experience, with hardware that has been rigorously tested for optimal performance.",1g,0–1%,74–80%,"Relaxing indica-dominant vape cartridge with earthy, kushy flavors. Perfect for unwinding after a long day."
1065809,BLUE DREAM FSE RESIN VAPE CARTRIDGE,1964,Inhalable Extracts,Cartridge,SATIVA,"Sativa-dominant, cured resin vape with hazy, blueberry flavours.","1964 legendary Comatose cultivar is now available in FSE resin-vape format. This heavy-hitting cultivar has been a fan favourite across Canada since launching. The earthy, kushy flavours are immediately noticeable, from the first draw to the last. All 1964 vape carts are made from cured flower for a flavour-forward vaporization experience, with hardware that has been rigorously tested for optimal performance.",1g,0–1%,74–80%,Sativa-dominant Blue Dream vape cartridge with hazy blueberry flavors. Enjoy the uplifting effects of this cured resin.
1065873,RETRO RAINBOW BURST 510 VAPE CARTRIDGE,BOXHOT 1000,Inhalable Extracts,Cartridge,HYBRID,"1.2g, hybrid vape boasting fruity flavours of cherry, grape, and lime.","BOXHOT PRESENTS: Rainbow Burst, a 1.2g 510-threaded vape boasting a colossal 1000mg of THC and some of the purest cannabis distillate available on the market. Live in technicolour with this tangy fruit infusion of cherry, grape, and lime. This colourful explosion of flavour will blow you away. All BOXHOT vapes are manufactured with exclusive, oversized hardware, making them optimized for big, full hits. Better yet, all BOXHOT vapes are produced with industry-leading CO2 extraction and refining processes and feature a custom blend of expertly infused botanical terpenes.",1.2g,0–1%,80–83.3%,"Retro Rainbow Burst vape cartridge is a 1.2g hybrid with cherry, grape, and lime flavors."
1065891,MELLOW MAN DF,FIGR,Flower,Indica,INDICA,"High-THC, indica-dominant flower offering flavours of vanilla and cherry.","Meet the Mellow Man! With bright citrusy notes and a down-to-earth finish, Mellow Man is bound to be your new best bud! This indica-leaning cultivar borrows its smooth vanilla taste, and punchy cherry notes from its parent cultivars Ice Cream Cake and Cherry Pie. Top terpenes include Caryophyllene, Nerolidol, and Limonene. FIGR dried flower products are hand selected to ensure dense, high-quality buds are in every package.",14g,0–5%,27–32%,MELLOW MAN DF is a potent indica-dominant flower with vanilla and cherry flavors. Perfect for relaxing and unwinding after a long day.
1065926,RAINBOW P PRE-ROLL,BLKMKT,Pre-roll,Sativa,SATIVA,"1g, high-THC, sativa-dominant pre-roll delivering gassy fuel on the nose with sweet blueberry on the exhale.","Rainbow P is the first sativa-dominant offering by BLKMKT. A cross of Grand Blueberry Pie x Zkittlez, this potent, high-THC sativa delivers gassy fuel on the nose, and a sweet blueberry finish on the exhale. As always, they only use whole handcrafted flower in their pre-rolls which are packed by centrifuge, hand-tamped, and hand-packaged in recyclable glass tubes with a custom Integra boost pack to ensure perfect moisture control. Top terpenes include Limonene, Linalool, and Myrcene.",1g,0–0.5%,27–32%,1g high-THC sativa pre-roll with gassy fuel and sweet blueberry flavors. Energizing effects with a unique aroma profile.
1066217,ORGANIC COMATOSE PRE-ROLLS,1964,Pre-roll,Indica,INDICA,"Five-pack of organic, high-THC, indica-dominant pre-rolls with earthy and citrusy aromas.","Comatose is a heavy kush and one of Canada's most popular legacy cultivars. This indica-dominant flower is reported to be a cross of OG Kush and another unknown indica. Comatose have dense, resinous flowers which produce high levels of THC and earthy, citrusy fragrances. Top terpenes include Caryophyllene, Farnesene, and Beta-Myrcene.",2.5g,0–1%,25–31%,"Organic Comatose pre-rolls: a five-pack of high-THC, indica-dominant joints with earthy and citrusy flavors. Great for relaxation and unwinding."
1066386,PINK SHERBS LIVE RESIN AIO DISPOSABLE PENS,Sherbinskis,Inhalable Extracts,Disposable Pens,HYBRID,"Disposable, hybrid, half-gram vape pen made with Pink Sherbs live resin.","This state-of-the-art, all-in-one vaporizer has been tuned specifically for 100% pure live resin oil that was made by blasting fresh-frozen flower through a hydrocarbon extraction process. This Pink Sherbs live resin brings a strong strawberry profile with hints of sweet cream that harken back to its gelato roots. This all-in-one bucks the long held tradition of SHERBINSKIS trademark orange hue, in favour of a beautiful pink that compliments its Pink Sherbs contents.",0.5g,0–2%,75–81%,Hybrid disposable vape pen with half-gram Pink Sherbs live resin. Convenient and flavorful for on-the-go use.
1066964,RELIEF CHERRY COLA THC:CBC:CBG CHEWS,Wana Quick,Edibles,Chews,BLEND,"Two vegan, cherry-cola-flavoured gummies each containing 5mg of THC, CBG, and CBC.","A soothing splash of cherry cola flavour compliments 5mg each of THC, CBG, and CBC per gummy in this thoughtfully curated formulation. Made with a gluten-free and vegan recipe – these melt-proof gummies are made using a culinary innovation by Azuca Time Infusion TM and may result in a quicker onset time.",9g,0–1mg,10mg,"Vegan cherry cola gummies with 5mg each of THC, CBG, and CBC for a relaxing and soothing experience."
1066983,33 SPLITTER PRE-ROLLS,Woody Nelson,Pre-roll,Indica,INDICA,"Seven-pack of high-THC, indica-dominant pre-rolls with notes of cream and gas.","The Woody Nelson edition of the 33 Splitter genetic was bred by Uprising Seed Company and grown at an indoor vertical farm using organic living soil. This indica-dominant cultivar is rich in terpenes, including Limonene, Beta-Caryophyllene, and Beta-Myrcene with notes of cream and gas. The plant's dense, frosty buds are hand-trimmed, cured for a minimum of three weeks, and never irradiated. Each reusable sliding tin includes a Boveda humidity pack.",3.5g,0–1%,25–30%,Seven-pack of potent indica pre-rolls with creamy and gassy flavors. High-THC content for a relaxing and euphoric experience.
1067773,NORTHERN LIGHTS,Jonny Chronic,Flower,Indica,INDICA,"High-THC, indica-dominant flower with sweet, spicy, and musky notes.","Northern Lights from Jonny Chronic is a potent sun-grown, indica-dominant cultivar that produces dense green buds with a thick frosting of trichomes. Northern Lights is a landrace lineage crossing an Afghani x Thai cultivar, with caryophyllene, limonene, myrcene, and bisabolol terpenes. Cultivated in southwestern Ontario under the sun, all plants are hang-dried and cured before the team goes through and carefully selects top colas to then be hand-trimmed and hand-packed in-house.",14g,0–2%,26–30%,"High-THC indica NORTHERN LIGHTS flower with sweet, spicy, and musky flavors. Perfect for relaxation and stress relief."
1068034,NEON SUNSHINE LIVE RESIN VAPE,Tribal,Inhalable Extracts,Cartridge,HYBRID,"Hybrid, live resin vape boasting notes of cherries, tropical fruits, and a strong layer of fuel.","Coming from legendary breeder Exotic Genetics, Neon Sunshine (Zkittles x Falcon-9) is a mix of fruits and funk. Cherries, tropical fruits, and a strong layer of fuel make this cultivar a staple in a canna-enthusiasts rotation. Now available in a live resin vape cart!",1g,0–1%,76–82%,"Hybrid live resin vape with cherry, tropical fruit, and fuel flavors. Strong and unique."
1068098,COOKIE'Z,LowKey by MTL Cannabis,Flower,Sativa,SATIVA,"High-THC, sativa-dominant flower offering sweet, creamy notes.","LowKey’s Cookie’z (Platinum Cookies x Ice Cream) flower glitters under bright light, captivating the eye as its scent grabs the nose with a wave of cream and sweetness, as its name suggests, and the barest hint of spice, pine, and citrus for depth. Its trichome layer is dense enough to obscure leaves that range from seafoam to emerald, interspersed with indigo. Their recipe is complete with the saffron-orange threads this rare sativa-dominant phenotype exhibits throughout its robust, compact flowers. Terpenes include limonene, myrcene, and nerolidol. ",7g,0–6%,29–34%,"COOKIE'Z is a sativa-dominant flower with high THC levels, boasting sweet and creamy flavors for a delightful and uplifting experience."
1068124,NEON SUNSHINE,Tribal,Flower,Hybrid,HYBRID,"High-THC, hybrid flower boasting sweet and tangy flavours.","Introducing Tribal's Neon Sunshine. Created by legendary breeder, Exotic Genetix, Neon Sunshine is Zkittles x Falcon 9. Sweet and tangy flavours meet vibrant and frosty flowers. Terpenes include limonene, caryophyllene, and farnesene.",3.5g,0–2%,26–32%,NEON SUNSHINE: A potent hybrid strain with a deliciously sweet and tangy taste. Get ready for a high-THC experience with this unique flower.
1068204,PURPLE PEOPLE EATER PRE-ROLLS,MinPins,Pre-roll,Indica,INDICA,"10-pack of high-THC, indica-dominant, 0.35g pre-rolls delivering rich berry and grape notes.","Purple People Eater is a no-nonsense expression of strong Indica-dominance. Drenched in deep violet hues with fiery orange pistils and dark green undertones, this beauty is a flawless offspring of the legendary Grand Daddy Purple and the unmistakable Afghan Kush. California’s finest meets the soul of the Hindu Kush Mountains, delivering rich berry and grape notes along the way. All that goodness, perfectly packed into a 10-pack of sleek, masterfully rolled minis—ready when you are. Terpenes include caryophyllene, pinene, and myrcene.",3.5g,0–2%,26–30%,"Purple People Eater pre-rolls offer a potent, indica-dominant experience with fruity berry and grape flavors in a convenient 10-pack."
1068226,TRIPLE BURGER TRIFECTA INFUSED PRE-ROLLS,Tribal,Inhalable Extracts,Infused Pre-roll,INDICA,"Three-pack of indica-dominant pre-rolls infused with live resin, terpene sauce, and diamonds.","Tribal Trifecta. No fake terpenes, no distillate. Tribal Trifecta Triple Burger 3 x 0.6g Infused Pre-rolls start with Triple Burger flower that is triple infused with Triple Burger live resin, terpene sauce, and THCA diamonds. Rolled in a premium paper and finished with a ceramic tip. Live Resin + Terpene Sauce + THCA diamonds, the Tribal Trifecta!",1.8g,0–6%,37–43%,"Three-pack of indica pre-rolls with live resin, terpene sauce, and diamonds for a flavorful and potent smoking experience."
1068276,TASTER PACK DISTILLATE INFUSED PRE-ROLLS,General Admission,Inhalable Extracts,Infused Pre-roll,BLEND,"Multi-pack containing three half-gram, distillate-infused pre-rolls.","A true infusion of top-notch flavour that’s not only bold but balanced,​ General Admission is bringing the mixer pack. Discover their core distillate flavour line with a bonus new infused flavour. Sourced from quality whole-flower cultivars, infused with their signature distillate and botanical terpenes, then dusted in premium kief, this is not just any squish in a stick.",2.5g,0–2%,36–40%,Try out a variety of flavors and effects with our Taster Pack Distillate Infused Pre-Rolls. Each pack includes three half-gram pre-rolls for a unique smoking experience.
1068316,BIG SMALLZ - BLK MLK,TENZO,Flower,Indica,INDICA,"High-THC, indica-dominant smalls delivering sweet berry, cake, and kush notes.","Introducing Big Smallz - A curated collection of genetics with a focus on bag appeal grown to craft standards and offered in iced-out smalls. The first drop of BLK MLK is a heavy-hitting, indica-dominant cultivar delivering sweet berry, cake, and kush notes. Avant flower is always hang-dried, hand-trimmed, and cold cured, from their own genetics, growers, and grown in their facilities in BC. Terpenes include limonene, myrcene, and caryophyllene.",14g,0–1%,26–32%,"High-THC indica smalls with sweet berry, cake, and kush flavors. Ideal for relaxation."
1068327,BBOB BLUEBERRY DREAM DRIED FLOWER,Big Bag O' Buds,Flower,Sativa,SATIVA,"Sativa-dominant flower with sweet, floral, and berry aromas.","Big Bag o' Buds brings you Blueberry Dream, a sativa-dominant powerhouse that’s as bold as it is smooth. A cross of Blueberry Kush x Blue Dream, this cultivar delivers sweet, floral, and berry aromas with terpenes including limonene, terpineol, and beta-caryophyllene.",28g,0–0.1%,22–28%,"BBOB Blueberry Dream dried flower is a sativa-dominant strain with sweet, floral, and berry aromas for a dreamy and uplifting experience."
1068339,KUSH BREATH,The Original Fraser Valley Weed Co.,Flower,Indica,INDICA,"Indica-dominant flower with dank aromas of earth, herbs, and a hint of vanilla.","An ounce of Kush Breath. An indica-dominant cultivar with dank aromas of earth, herbs, and a hint of vanilla. Each ounce bag is filled with quality bud, greenhouse-grown in the Fraser Valley. Terpenes include caryophyllene, myrcene, and beta-pinene.",28g,0–1%,24–30%,"Kush Breath is a relaxing indica-dominant strain with earthy, herbal flavors and a touch of vanilla. Perfect for winding down."
1068360,ZEBRA STRIPES LTO,Carmel,Flower,Indica,INDICA,"High-THC, indica-dominant flower with sweet and tangy notes.","Available for a limited time only. Zebra Stripes, bred by Seed Junky, is a cross between Lemon Cherry Gelato and Animal Cookies BX. Upon the first inhale, expect a smooth, flavourful smoke bursting with sweet and tangy notes, reminiscent of Gelato, with subtle hints of candy and gas. As you exhale, a creamy, almost vanilla-like undertone lingers on the palate. Terpenes include limonene, linalool, and caryophyllene. Carmel’s flower is hang-dried, hand-trimmed, slow cold-cured, and hand-packaged. Fresh and terpy is best, so it’s packed in nitrogen-flushed pouches with a humidity pack.",3.5g,0–2%,28–34%,"Zebra Stripes LTO: Indica flower with high THC levels, boasting a sweet and tangy flavor profile. Ideal for relaxation and mood enhancement."
1068388,KOOL CHERRY-LIQUID DIAMOND BLEND CARTRIDGE,Trippy Sips,Inhalable Extracts,Cartridge,SATIVA,"Sativa-dominant, distillate-and-diamond cart boasting a sweet cherry flavour.","Try the refreshing sweet cherry taste of Kool Cherry, infused with high-potency THC distillate, blended with liquid diamonds, and flavoured with amazing botanical terpenes.",0.95g,0–2%,92–96%,"Sativa-dominant cartridge with sweet cherry flavor, made with distillate and diamond blend for a unique and refreshing experience."
1068390,ICE BURN BUBBLE HASH INFUSED PRE ROLLS,Koots Canna,Inhalable Extracts,Infused Pre-roll,INDICA,"Three-pack of indica-dominant, bubble-hash-infused pre-rolls boasting cool gas with creamy undertones.","Ice Burn Bubble Hash Infused Pre-rolls are a sensory trip through fire and frost. With single-strain flower and hash, this frosty purple flower meets rich bubble hash in this bold fusion of potency and flavour. Menthol brings the bite, Lava Cake brings the smooth—together they create a dense, delicious smoke with cool gas and creamy undertones. Fiery, icy, and not afraid to leave an impression.",1.5g,0–0.6%,45–50%,Three-pack of indica-dominant pre-rolls infused with bubble hash. Features cool gas flavor with creamy undertones. Smooth and potent.
1068447,SOUR ANIMAL PURE LIVE ROSIN CARTRIDGE LTO,Brindle Farms,Inhalable Extracts,Cartridge,SATIVA,"Limited-time-only, sativa-dominant, live rosin cart.","Available for a limited time only. Brindle Farms' Sour Animal 1 Gram Live Rosin Vape Cartridges are created with pure live rosin, and no additives. Sour Animal is a cross between Sour Diesel and Animal Cookies BX2 bred by J.Beezy from Seed Junky Genetics, with the latter being the male. The chosen phenotype is Diesel dominant, providing a sativa-influenced onset by a heavy-hitting initial rush due to an indica-based influence from the Animal Cookies. Sour Animal is a long flowering cultivar, requiring up to 12 weeks to fully mature.",1g,0–1%,72–78%,"Limited-time-only sativa-dominant live rosin cartridge with a sour animal flavor. High-quality, potent, and perfect for a unique vaping experience."
1068604,SUPER LEMON HAZE SMALLS,Uncle Bob,Flower,Sativa,SATIVA,"High-THC, sativa-dominant smalls with aromas of citrus, gas, and fruit.","Uncle Bob’s Smalls are carefully cultivated and processed to ensure a potent cannabis experience in a small package. Super Lemon Haze is a cross between Lemon Skunk and Super Silver Haze.  This sativa-dominant cultivar has dense, light green buds and aromas of citrus, gas, and fruit. Terpenes include limonene, linalool, and beta-myrcene. Produced on Stó:lō traditional territory; all of our flower is hang dried, slow cured, and non-irradiated. ",7g,0–1%,25–30%,"High-THC, sativa-dominant smalls with citrus, gas, and fruit aromas. Energizing and uplifting effects for a flavorful smoking experience."
1068653,JUICE BOX,DEALR,Flower,Sativa,SATIVA,"High-THC, sativa-dominant flower with sweet berry, floral, and gassy flavours.","Juice Box, a sativa-dominant banger bred from Strawberry Horchata and Space Candy, quenches your palate with sweet-berry juices and floral, gassy flavours, accented by a sharp, sugary sting that lingers on your tongue. Juice Box's nose slams you with ripe strawberry and candied zest, developing into a starry tang. The terpene profile includes caryophyllene, limonene, and terpinolene. The buds are sticky with purple streaks on a background of neon green.",28g,0–2%,29–33%,"Juice Box: Sweet, berry, floral, gassy sativa flower with high THC. Energizing and uplifting effects. Unique and flavorful choice."
1068784,CHOCOLATE CHIP COOKIE,Big Pete's Treats,Edibles,Baked Goods,HYBRID,Chocolate chip cookie made from cannabutter with 10mg THC.,"A 10mg cannabutter cookie. Crafted from single-strain, locally grown smalls and trim. The Chocolate Chip is a classic - a soft, chewy, and delicious cannabutter cookie.",27g,0mg,10mg,Delicious chocolate chip cookie infused with 10mg THC for a relaxing and flavorful edible experience.
1068830,THC:CBD 1:1 LIVE ROSIN CARTRIDGE LTO,Brindle Farms,Inhalable Extracts,Cartridge,INDICA,"Limited-time-only, 2g, indica-dominant, live-rosin cart with a balanced ratio of THC and CBD.","Available for limited time. Brindle Farms Live Rosin 1:1 CBD Vape Cart offers balanced equal parts of CBD and THC. Crafted from high-quality, solvent-free live rosin, this 2g vape cart ensures purity and potency. Enjoy a smooth, flavourful vapor with every inhale.",2g,32–38%,32–38%,"Limited-time-only 2g live rosin cartridge with balanced THC:CBD ratio. Indica-dominant for a smooth, relaxing experience. Unique and flavorful."
1068953,PERMANENTLY JEALOUS LTO,Carmel,Flower,Indica,INDICA,"Limited-time-only, high-THC, indica-dominant flower boasting gas and funk, and citrus notes.","Available for limited time only. Permanently Jealous was created through a breeding collaboration between Carmel and Treez. Created by crossing Permanent Marker and Jealousy, Permanently Jealous delivers equal parts gas and funk, with just the right amount of citrus. Upon opening your pouch, expect dense, deep-green buds, with light marbling and bright orange hairs. Terpenes include limonene, caryophyllene, and farnesene. ",3.5g,0–2%,28–32%,"Limited-time-only PERMANENTLY JEALOUS LTO is a high-THC indica with gas, funk, and citrus flavors. Perfect for a potent, unique experience."
1068959,SUPER SILVER BUBBA PRE-ROLLS,DEALR,Pre-roll,Hybrid,HYBRID,"Five-pack of high-THC, hybrid pre-rolls with earthy pine, citrus zest, and a hint of hash.","Roll out with Super Silver Bubba, the newest five-pack of half-gram joints, packed with flower grown in-house at their brand-new indoor facility in Salmon Arm. Bred from the iconic Super Silver Haze x Bubba Kush cross, this hybrid brings classic West Coast energy with fresh finesse: earthy pine, citrus zest, and a little hashy hug on the finish. When the deal is real, it’s DEALR. Grown with care, crafted with authentic BC love, and priced so everyone can get in on the good stuff.",2.5g,0–2%,29–32%,"Five-pack of potent hybrid pre-rolls with earthy pine, citrus zest, and hash undertones. High-THC for a relaxing yet uplifting experience."
1068969,RAINBOW INFERNO 5280,Mint Cannabis,Flower,Indica,INDICA,"High-THC, indica-dominant flower with notes of sweet, sugary fruit and cookies.","Rainbow Inferno 5280 is pure gas from the deepest side of Dante’s Nine Circles. Unapologetically loud, this indica-dominant variety is bred by the one and only Mile High Dave and cultivated by Paradise Valley Botanics for their brand, Mint Cannabis. This 7g glass jar marks the official launch of a true heavyweight: pheno #22 of Dante’s Inferno #8 crossed with RS11. Hand-selected after multiple runs and held close until the time was right, this drop is a flex for Mint Cannabis—layered with sweet, sugary fruit and cookie-shop nostalgia. Skunky, funky, and super chunky, Rainbow Inferno 5280 is a new reason to spark something feral.",7g,0–2%,29–32%,"High-THC, indica-dominant flower with sweet, sugary fruit and cookie flavors. Perfect for relaxation and euphoria. Experience the Rainbow Inferno 5280."
1068971,MANGO CAKE LIVE RESIN AIO DISPOSABLE PEN LTO,Good Buds,Inhalable Extracts,Disposable Pens,SATIVA,"Limited-time-only, sativa-dominant, live-resin, disposable vape with true-to-flower flavour.","Available for a limited time only! Extracted from their house-bred LSO Mango Cake, this 100% pure single-strain Live Resin All-in-One Vape delivers fresh-plant, terpy flavours —no added terpenes or distillate. Packed in a convenient, all-in-one vape with ceramic core, ceramic post, and a microchip to regulate temperatures for the ultimate expression of Mango Cake flavours and terpenes.

Bred in-house, Mango Cake is an exotic dessert cross of GOOD BUDS’ juicy Mango Taffie with sweet and creamy Wedding Cake. It leads with classic Mango Taffie smells of ripe mango sweetness with a gassy afterburn, followed by sweet vanilla undertones and a creamy mouthfeel on the exhale. It’s crafted in small batches from their organically grown flower that's been fresh frozen and extracted by Common Roots Extracts on Vancouver Island, BC.

Pure flavor. Small batch. Organically grown.
",1g,0–1%,72–77%,Limited-time-only sativa-dominant disposable vape pen with mango cake live resin. True-to-flower flavor for a unique and potent experience.
1068986,WHITE MIMOSA LIVE RESIN VAPE,Wildcard Extracts,Inhalable Extracts,Cartridge,SATIVA,"Sativa-dominant, live-resin cart with sweet, fruity, and citrus flavours.","White Mimosa Live Resin is a potent and flavourful, full-spectrum extract crafted from a fusion of White Widow and Mimosa Evo cultivars. Offering a delectable combination of sweet, fruity, and citrus flavours, this concentrate is sure to delight your taste buds with every hit. Perfect for cannabis enthusiasts looking for a well-rounded smoking experience",1g,0–3%,70–76%,"Sativa-dominant vape with sweet, fruity, and citrus flavors. Live-resin cart for a potent and flavorful experience."
1068996,BANJORINE DREAM LIVE ROSIN FIZZ,Sheesh Hash Sodas,Beverages,Carbonated Drink,SATIVA,"Carbonated beverage with notes of sweet vanilla and tangerine, infused with 10mg of live rosin THC.","Banjo Cake Live Rosin takes this tangy cream soda to the next level. This tangy, sweet cultivar pairs perfectly with real tangerine juice and vanilla, making it the tastiest, potent beverage.",355,0mg,10mg,"Banjorine Dream Live Rosin Fizz: A fizzy drink with sweet vanilla and tangerine flavors, infused with 10mg of live rosin THC for a unique experience."
1068999,10X THE MADNESS: THE RED ONE INDICA THC GUMMIES,No Future,Edibles,Chews,INDICA,10-pack of watermelon-flavoured gummies infused with 10mg THC per piece. 100mg THC total.,"In 10X The Madness, they've taken 10 individual packets of fan-favourite No Future The Red One Gummies and built the ultimate 100mg THC package.",100g,0–10mg,100mg,Watermelon-flavoured THC gummies with 10mg per piece. 100mg total. Get ready for a relaxing experience with The Red One Indica.
1069000,10X THE MADNESS: THE BLUE ONE SATIVA THC GUMMIES,No Future,Edibles,Chews,SATIVA,10-pack of berry-flavoured gummies infused with 10mg THC per piece. 100mg THC total.,"In 10X The Madness, they've taken 10 individual packets of fan-favourite No Future The Blue One Gummies and built the ultimate 100mg THC package.",100g,0–10mg,100mg,"Get ready for a wild ride with 10X The Madness: The Blue One Sativa THC gummies. Berry-flavored, 10mg THC per piece, 100mg total."
1069008,MEGA PURPLE RESIN INFUSED GUMMIES,Woody Nelson,Edibles,Chews,HYBRID,"10-pack of resin-infused gummies with 10mg THC per piece, featuring notes of grape, elderberry, and black currant.","The Mega Purple Gummy features Gastro Pop by JR Strain, extracted by Wildcard Extracts, and made into gummies by Elevate Wellness in Port Coquitlam. Each bag includes 10 x 10mg resin-infused gummies (individual packed) with notes of grape, elderberry, and black currant. Made in BC.",40g,0mg,100mg,"10-pack of potent THC gummies with grape, elderberry, and black currant flavors. Each piece has 10mg THC for a fruity, relaxing experience."
1069020,SHRED'EMS SHARK ATTACK MAX10 PCK THC SATIVA CHEWS,SHRED'EMS,Edibles,Chews,SATIVA,10-pack of blue-raspberry-apple gummies with 10mg THC per gummy. 100mg THC total.,"SHRED’ems Shark Attack Party Pack has 10 packs of MAX10 gummies, each with 10mg THC for a total 100MG THC PER PACK! These sativa-dominant gummies unleash a fierce wave of jaw-dropping blue raspberry and green apple flavour.",45g,0–5mg,100mg,Enjoy a fruity blast with SHRED'EMS Shark Attack Max10 PCK THC Sativa Chews. Each gummy packs 10mg THC for a total of 100mg.
1069021,SHRED'EMS RED APPLE PEACH MAX10 THC INDICA CHEWS,SHRED'EMS,Edibles,Chews,INDICA,10-pack of apple-peach gummies infused with 10mg THC per gummy. 100mg THC total.,"SHRED’ems Red Apple Peach Party Pack is a 10-pack of MAX10 gummies, each with 10mg THC for a total 100MG THC PER PACK! These juicy indica gummies blend the crisp sweetness of red apple with the smooth, mellow flavour of ripe juicy peach.",45g,0–5mg,100mg,Apple-peach gummies with 10mg THC each for a total of 100mg. Relaxing indica chews perfect for a sweet and mellow experience.
1069061,ANYTIME 1:1 PEACH PLEASE CARTRIDGE,Glacial Gold,Inhalable Extracts,Cartridge,BLEND,Balanced CBD and THC cart with a sweet peach flavour.,"Glacial Gold Anytime 1:1 Peach Please vapes offer a balanced blend of CBD and THC, crafted with Nextleaf’s premium, high-purity distillates. Infused with refreshing botanical terpene blends, they deliver a sweet, vibrant flavour experience.",1g,39–45%,39–45%,Balanced CBD/THC cartridge with sweet peach flavor. Perfect for anytime use.
1069077,LEMON GELATO,All Nations,Flower,Sativa,SATIVA,"High-THC, sativa-dominant flower with sweet aromas of lemon and berries.","Lemon Gelato is a cross between Lemon Haze and Gelato genetics.  This sativa-dominant cultivar delivers a flavour-packed experience, with sweet aromas of lemon and berries.  Lemon Gelato has light green nugs with amber hairs and a frosty coating of trichomes.  All Nations' flower is always hang-dried, hand-trimmed, and slow cured to perfection. Produced on Stó:lō traditional territory, weaving Indigenous values with craft cultivation methods.",3.5g,0–1%,25–30%,"Lemon Gelato: Potent sativa flower with sweet lemon and berry scents. High THC for a uplifting, energizing effect. Enjoy the fruity flavor."
1069078,ROCKSTAR,All Nations,Flower,Indica,INDICA,"High-THC, indica-dominant flower offering subtle hints of earth, spice, and citrus.","Rockstar is an indica-dominant cultivar, created by crossing Rockbud and Sensi Start genetics.  This gassy cultivar also offers subtle hints of earth, spice, and citrus.  Rockstar has deep green buds with purple hues that are speckled by a heavy dusting of crystal trichomes.  All Nations' flower is always hang-dried, hand-trimmed, and slow cured to perfection. Produced on Stó:lō traditional territory, weaving Indigenous values with craft cultivation methods.",3.5g,0–1%,25–30%,"Rockstar is a potent indica-dominant flower with earthy, spicy, and citrus flavors, perfect for a relaxing and calming experience."
1069083,BBOB GMO KUSH,Big Bag O' Buds,Flower,Indica,INDICA,"Indica-dominant flower with offering pungent, funky profile with earthy kush aromas.","GMO Kush from Big Bag O' Buds offers 28g of flower with 22%+ THC. This cultivar delivers a pungent, funky profile with earthy kush aromas that make an impression. With bold, robust flavours and a smooth finish, it’s the perfect choice for those who enjoy a heavy-hitting, aromatic experience. Packaged in the iconic silver bag, it’s all about quality (not to mention quantity!).",28g,0–0.1%,22–28%,"BBOB GMO KUSH: Indica-dominant flower with pungent, funky profile and earthy kush aromas. Unique and flavorful choice for relaxation."
1069117,BC ORGANIC PINK DRIP LTO,Simply Bare,Flower,Indica,INDICA,"Limited-time-only, high-THC, indica-dominant flower with sweet and gassy notes.","Available for a limited time only! Introducing BC Organic Pink Drip, Simply Bare’s latest find from an extensive genetic hunt. This cultivar boasts a unique and irresistible blend of sweet and gassy notes that hit just right, offering a smooth and complex taste that cannabis enthusiasts will crave. This indica-dominant cultivar is a cross of Skunk x Animal Mints, and is grown in organic living soil at their greenhouse in Delta, BC. Hang-dried, hand-trimmed, and cold cured, these beautiful buds are packed in a glass jar for optimal freshness.",28g,0–1%,26–32%,BC Organic Pink Drip LTO: Sweet and gassy indica flower. Limited time only. High THC.
